City_ID,City,Country,Date,Lat,Lng,Max Temp,Humidity,Cloudiness,Wind Speed,Current Description
0,Butaritari,KI,2020-11-23 17:19:00,3.07,172.79,81.3,75,70,10.27,broken clouds
1,Tuktoyaktuk,CA,2020-11-23 17:19:00,69.45,-133.04,-0.4,84,20,11.41,few clouds
2,Jamestown,US,2020-11-23 17:16:31,42.1,-79.24,36.0,86,90,13.58,mist
3,Manicore,BR,2020-11-23 17:19:00,-5.81,-61.3,89.71,60,100,1.25,light rain
4,Safaga,EG,2020-11-23 17:19:00,26.73,33.94,71.6,46,0,3.36,clear sky
5,Ushuaia,AR,2020-11-23 17:19:01,-54.8,-68.3,46.4,81,75,11.41,light intensity drizzle
6,Hithadhoo,MV,2020-11-23 17:19:01,-0.6,73.08,82.24,75,72,9.01,broken clouds
7,Taltal,CL,2020-11-23 17:19:01,-25.4,-70.48,67.19,58,93,10.92,overcast clouds
8,Pringsewu,ID,2020-11-23 17:19:01,-5.36,104.97,73.99,92,100,3.0,overcast clouds
9,Bluff,NZ,2020-11-23 17:19:01,-46.6,168.33,48.0,89,100,1.99,overcast clouds
10,Itoman,JP,2020-11-23 17:19:01,26.12,127.67,71.6,73,75,12.75,broken clouds
11,Stokmarknes,NO,2020-11-23 17:19:02,68.56,14.91,37.4,93,40,2.24,scattered clouds
12,Mataura,NZ,2020-11-23 17:19:02,-46.19,168.86,48.0,89,100,1.99,overcast clouds
13,Ingham,US,2020-11-23 17:15:57,42.6,-84.38,42.8,71,75,12.75,broken clouds
14,Lorengau,PG,2020-11-23 17:19:02,-2.02,147.27,82.06,76,61,8.88,broken clouds
15,Nikolskoye,RU,2020-11-23 17:19:02,59.7,30.79,41.0,86,40,8.95,scattered clouds
16,Poum,NC,2020-11-23 17:19:02,-20.23,164.02,76.5,76,8,13.71,clear sky
17,Kapchorwa,UG,2020-11-23 17:19:02,1.4,34.45,66.85,55,71,4.85,broken clouds
18,Saskylakh,RU,2020-11-23 17:19:03,71.92,114.08,0.99,93,75,4.54,broken clouds
19,Port Alfred,ZA,2020-11-23 17:19:03,-33.59,26.89,66.54,81,61,5.68,broken clouds
20,Darhan,MN,2020-11-23 17:19:03,49.49,105.92,17.53,91,58,1.1,broken clouds
21,Mon,IN,2020-11-23 17:19:03,26.75,95.1,56.39,84,0,3.27,clear sky
22,Mehamn,NO,2020-11-23 17:19:03,71.04,27.85,37.4,74,40,16.11,scattered clouds
23,Provideniya,RU,2020-11-23 17:19:03,64.38,-173.3,24.49,93,26,5.39,scattered clouds
24,Abu Dhabi,AE,2020-11-23 17:17:31,24.47,54.37,80.6,51,40,10.29,scattered clouds
25,Barrow,US,2020-11-23 17:17:42,71.29,-156.79,15.8,78,90,16.11,overcast clouds
26,Malakal,SS,2020-11-23 17:19:04,9.53,31.66,86.11,31,27,5.06,scattered clouds
27,Busselton,AU,2020-11-23 17:19:04,-33.65,115.33,62.01,79,0,7.65,clear sky
28,Vaini,TO,2020-11-23 17:19:04,-21.2,-175.2,66.2,100,75,3.36,broken clouds
29,Kaitangata,NZ,2020-11-23 17:19:04,-46.28,169.85,44.01,87,78,3.0,broken clouds
30,Hobart,AU,2020-11-23 17:15:48,-42.88,147.33,55.4,82,75,1.12,broken clouds
31,Thompson,CA,2020-11-23 17:19:04,55.74,-97.86,3.2,91,90,3.18,light snow
32,Cabo San Lucas,MX,2020-11-23 17:18:33,22.89,-109.91,84.99,37,5,1.39,clear sky
33,Doha,QA,2020-11-23 17:16:22,25.29,51.53,73.4,40,0,8.05,clear sky
34,Yellowknife,CA,2020-11-23 17:19:05,62.46,-114.35,7.0,92,90,14.99,light snow
35,Rikitea,PF,2020-11-23 17:19:05,-23.12,-134.97,73.24,68,83,6.49,broken clouds
36,Kununurra,AU,2020-11-23 17:19:05,-15.77,128.73,82.4,83,78,3.36,broken clouds
37,Lotofaga,WS,2020-11-23 17:19:05,-13.98,-171.86,71.6,94,75,3.36,broken clouds
38,Dikson,RU,2020-11-23 17:19:05,73.51,80.55,14.31,96,100,17.94,overcast clouds
39,Peabiru,BR,2020-11-23 17:19:06,-23.91,-52.34,87.8,35,0,10.29,clear sky
40,Mount Gambier,AU,2020-11-23 17:19:06,-37.83,140.77,55.4,82,90,6.93,overcast clouds
41,Kapaa,US,2020-11-23 17:19:06,22.08,-159.32,73.99,88,90,19.46,light rain
42,Bathsheba,BB,2020-11-23 17:19:06,13.22,-59.52,86.0,66,40,19.46,scattered clouds
43,Tilichiki,RU,2020-11-23 17:19:06,60.47,166.1,-2.16,96,69,11.43,broken clouds
44,Qaanaaq,GL,2020-11-23 17:19:06,77.48,-69.36,5.83,80,100,3.38,overcast clouds
45,Cherskiy,RU,2020-11-23 17:19:07,68.75,161.3,-0.98,93,94,2.48,overcast clouds
46,Mao,ES,2020-11-23 17:19:07,39.89,4.27,51.8,66,20,6.93,few clouds
47,Ilulissat,GL,2020-11-23 17:19:07,69.22,-51.1,19.4,62,75,18.34,broken clouds
48,Bredasdorp,ZA,2020-11-23 17:19:07,-34.53,20.04,62.6,59,100,14.99,overcast clouds
49,Padang,ID,2020-11-23 17:19:07,-0.95,100.35,76.12,84,100,4.07,light rain
50,Punta Arenas,CL,2020-11-23 17:19:07,-53.15,-70.92,55.4,47,40,24.16,scattered clouds
51,Baherden,TM,2020-11-23 17:19:07,38.44,57.43,42.94,53,99,7.07,overcast clouds
52,Awbari,LY,2020-11-23 17:19:08,26.59,12.78,59.05,39,0,9.8,clear sky
53,Torbay,CA,2020-11-23 17:19:08,47.67,-52.73,34.0,55,40,12.75,scattered clouds
54,Hilo,US,2020-11-23 17:18:29,19.73,-155.09,75.2,88,90,8.05,light rain
55,Necochea,AR,2020-11-23 17:19:08,-38.55,-58.74,73.71,54,100,13.6,moderate rain
56,Margate,GB,2020-11-23 17:19:08,51.38,1.39,46.99,72,29,1.99,scattered clouds
57,Bandarbeyla,SO,2020-11-23 17:19:08,9.49,50.81,77.11,82,2,4.7,clear sky
58,Fortuna,US,2020-11-23 17:19:09,40.6,-124.16,48.99,100,75,6.93,broken clouds
59,Cape Town,ZA,2020-11-23 17:15:00,-33.93,18.42,66.99,67,40,10.29,scattered clouds
60,Namibe,AO,2020-11-23 17:19:09,-15.2,12.15,71.11,72,54,12.33,broken clouds
61,Albany,US,2020-11-23 17:19:09,42.6,-73.97,42.01,79,100,4.0,overcast clouds
62,San Francisco,US,2020-11-23 17:15:41,37.77,-122.42,55.4,81,90,5.82,overcast clouds
63,Yinchuan,CN,2020-11-23 17:19:09,38.47,106.27,25.02,82,22,5.06,few clouds
64,Waitati,NZ,2020-11-23 17:19:09,-45.75,170.57,50.0,74,44,14.0,scattered clouds
65,Amapala,HN,2020-11-23 17:19:10,13.29,-87.65,86.0,62,0,2.04,clear sky
66,Ancud,CL,2020-11-23 17:19:10,-41.87,-73.82,55.0,93,90,17.22,light rain
67,Pokhara,NP,2020-11-23 17:19:10,28.23,83.98,55.4,52,1,3.91,clear sky
68,Castro,BR,2020-11-23 17:17:31,-24.79,-50.01,75.92,45,0,6.91,clear sky
69,Hassleholm,SE,2020-11-23 17:15:16,56.16,13.77,46.4,75,65,13.87,broken clouds
70,Puerto Ayora,EC,2020-11-23 17:19:10,-0.74,-90.35,75.2,78,90,10.29,overcast clouds
71,Narsaq,GL,2020-11-23 17:19:10,60.92,-46.05,23.0,53,40,2.24,scattered clouds
72,Cidreira,BR,2020-11-23 17:19:10,-30.18,-50.21,72.34,67,0,18.14,clear sky
73,Ribeira Grande,PT,2020-11-23 17:19:11,38.52,-28.7,66.2,68,20,18.34,few clouds
74,Arraial Do Cabo,BR,2020-11-23 17:15:15,-22.97,-42.03,78.8,73,75,9.17,broken clouds
75,Tasiilaq,GL,2020-11-23 17:19:11,65.61,-37.64,24.8,68,100,5.82,overcast clouds
76,Chifeng,CN,2020-11-23 17:16:02,42.27,118.96,14.38,87,1,5.12,clear sky
77,Georgetown,MY,2020-11-23 17:15:04,5.41,100.34,78.8,88,40,2.24,scattered clouds
78,Geraldton,AU,2020-11-23 17:19:11,-28.77,114.6,69.8,56,0,8.05,clear sky
79,Yumen,CN,2020-11-23 17:19:11,40.28,97.2,14.22,86,94,1.74,overcast clouds
80,Mar Del Plata,AR,2020-11-23 17:14:40,-38.0,-57.56,73.0,73,75,12.75,light rain
81,Hasaki,JP,2020-11-23 17:19:12,35.73,140.83,53.6,71,75,4.7,broken clouds
82,Lipin Bor,RU,2020-11-23 17:19:12,60.26,37.98,33.84,92,100,12.33,overcast clouds
83,Goderich,CA,2020-11-23 17:17:32,43.75,-81.72,42.01,82,100,22.57,light rain
84,Codrington,AU,2020-11-23 17:19:12,-38.27,141.97,52.5,91,100,7.4,overcast clouds
85,Olafsvik,IS,2020-11-23 17:19:13,64.89,-23.71,34.99,85,9,22.59,clear sky
86,Lauro Muller,BR,2020-11-23 17:19:13,-28.39,-49.4,81.03,50,40,5.61,scattered clouds
87,Atuona,PF,2020-11-23 17:19:13,-9.8,-139.03,77.65,74,22,14.54,few clouds
88,Motygino,RU,2020-11-23 17:19:13,58.18,94.76,7.18,95,26,1.21,scattered clouds
89,Beringovskiy,RU,2020-11-23 17:19:13,63.05,179.32,19.44,97,45,5.73,scattered clouds
90,Komsomolskiy,UZ,2020-11-23 17:19:13,40.43,71.72,24.8,79,0,4.7,mist
91,Fare,PF,2020-11-23 17:19:13,-16.7,-151.02,81.21,74,79,8.97,light rain
92,Sechura,PE,2020-11-23 17:19:13,-5.56,-80.82,77.09,51,70,11.92,broken clouds
93,Anadyr,RU,2020-11-23 17:19:13,64.75,177.48,21.2,92,75,4.47,broken clouds
94,Hermosillo,MX,2020-11-23 17:14:34,29.07,-110.97,77.0,37,75,8.05,broken clouds
95,Airai,TL,2020-11-23 17:19:14,-8.93,125.41,61.7,100,100,0.87,overcast clouds
96,Kavieng,PG,2020-11-23 17:19:14,-2.57,150.8,83.53,74,70,11.01,broken clouds
97,Preobrazheniye,RU,2020-11-23 17:18:32,42.9,133.91,24.94,89,0,9.95,clear sky
98,Saint-Philippe,RE,2020-11-23 17:19:14,-21.36,55.77,73.4,69,0,10.29,clear sky
99,Khatanga,RU,2020-11-23 17:19:14,71.97,102.5,3.81,94,96,10.51,overcast clouds
100,Velizh,RU,2020-11-23 17:19:14,55.61,31.2,39.33,87,91,9.93,light rain
101,Kargasok,RU,2020-11-23 17:19:14,59.06,80.86,13.48,97,73,5.68,broken clouds
102,Ararat,AM,2020-11-23 17:19:15,39.83,44.7,33.8,55,0,2.24,clear sky
103,Bethel,US,2020-11-23 17:18:26,41.37,-73.41,45.0,84,100,7.0,overcast clouds
104,Auki,SB,2020-11-23 17:19:15,-8.77,160.7,77.54,83,95,2.93,overcast clouds
105,Churapcha,RU,2020-11-23 17:19:15,62.0,132.43,-24.54,86,60,4.25,broken clouds
106,Huarmey,PE,2020-11-23 17:19:15,-10.07,-78.15,70.99,63,62,13.49,broken clouds
107,Aksarka,RU,2020-11-23 17:19:15,66.56,67.8,9.12,95,73,12.88,broken clouds
108,Iqaluit,CA,2020-11-23 17:19:15,63.75,-68.51,-4.0,70,40,14.99,scattered clouds
109,Srednekolymsk,RU,2020-11-23 17:19:15,67.45,153.68,3.43,94,100,14.16,overcast clouds
110,Cumra,TR,2020-11-23 17:19:16,37.57,32.77,37.4,64,0,4.36,clear sky
111,Shimoda,JP,2020-11-23 17:19:16,34.67,138.95,51.01,70,100,1.99,light rain
112,Morros,BR,2020-11-23 17:19:16,-9.45,-46.3,85.66,59,85,6.69,light rain
113,Hambantota,LK,2020-11-23 17:19:16,6.12,81.12,78.57,88,100,6.11,light rain
114,Avarua,CK,2020-11-23 17:19:16,-21.21,-159.78,73.4,94,89,1.12,overcast clouds
115,Didwana,IN,2020-11-23 17:19:16,27.4,74.57,62.51,30,0,8.43,clear sky
116,Tuatapere,NZ,2020-11-23 17:19:16,-46.13,167.68,48.0,89,91,1.99,overcast clouds
117,Visakhapatnam,IN,2020-11-23 17:19:17,17.69,83.21,78.8,69,90,6.93,haze
118,Rabat,MA,2020-11-23 17:16:11,33.99,-6.84,66.0,72,39,4.7,scattered clouds
119,Chuy,UY,2020-11-23 17:19:17,-33.7,-53.46,76.14,56,1,14.7,clear sky
120,Bella Union,UY,2020-11-23 17:19:17,-30.28,-57.6,90.63,35,0,13.33,clear sky
121,Malinovoye Ozero,RU,2020-11-23 17:19:17,51.68,79.78,21.58,98,100,1.7,light snow
122,Sistranda,NO,2020-11-23 17:19:17,63.73,8.83,39.2,86,75,21.92,broken clouds
123,Maldonado,UY,2020-11-23 17:19:17,-34.67,-54.92,82.4,39,0,9.17,clear sky
124,Husavik,IS,2020-11-23 17:19:18,66.04,-17.34,15.8,85,90,3.36,overcast clouds
125,Sangar,RU,2020-11-23 17:19:18,63.92,127.47,-22.58,87,88,3.83,overcast clouds
126,Canberra,AU,2020-11-23 17:14:39,-35.28,149.13,55.99,82,40,10.29,scattered clouds
127,Vanimo,PG,2020-11-23 17:19:18,-2.67,141.3,79.2,81,95,1.9,moderate rain
128,Tulsipur,NP,2020-11-23 17:19:18,28.13,82.3,55.56,70,0,3.65,clear sky
129,Hermanus,ZA,2020-11-23 17:19:18,-34.42,19.23,62.01,69,100,5.01,overcast clouds
130,Richards Bay,ZA,2020-11-23 17:19:18,-28.78,32.04,74.16,85,70,13.6,heavy intensity rain
131,Erdemli,TR,2020-11-23 17:19:18,36.6,34.31,59.86,46,0,2.04,clear sky
132,Lompoc,US,2020-11-23 17:14:53,34.64,-120.46,50.0,100,1,10.98,clear sky
133,Brownfield,US,2020-11-23 17:19:19,33.18,-102.27,48.0,99,100,1.99,overcast clouds
134,Ulagan,RU,2020-11-23 17:19:19,50.63,87.96,19.17,89,100,0.78,overcast clouds
135,Sitka,US,2020-11-23 17:19:19,57.05,-135.33,42.8,70,90,12.75,light rain
136,Chokurdakh,RU,2020-11-23 17:19:19,70.63,147.92,6.67,95,100,9.26,light snow
137,Mersing,MY,2020-11-23 17:19:19,2.43,103.84,77.0,94,98,4.7,light rain
138,Tooele,US,2020-11-23 17:19:19,40.53,-112.3,37.0,80,75,1.88,broken clouds
139,Bambous Virieux,MU,2020-11-23 17:19:19,-20.34,57.76,75.0,83,40,10.4,scattered clouds
140,Chapais,CA,2020-11-23 17:19:20,49.78,-74.85,23.0,85,90,8.05,light snow
141,Sal Rei,CV,2020-11-23 17:19:20,16.18,-22.92,82.4,69,75,13.87,broken clouds
142,Troitskoye,RU,2020-11-23 17:19:20,52.98,84.68,21.96,97,100,2.48,overcast clouds
143,Kodiak,US,2020-11-23 17:19:20,57.79,-152.41,42.8,81,90,11.41,moderate rain
144,Chapleau,CA,2020-11-23 17:19:20,47.84,-83.4,15.8,78,90,11.41,overcast clouds
145,Veraval,IN,2020-11-23 17:19:20,20.9,70.37,73.92,58,0,8.75,clear sky
146,East London,ZA,2020-11-23 17:19:20,-33.02,27.91,66.2,82,20,5.82,few clouds
147,Pevek,RU,2020-11-23 17:19:21,69.7,170.31,10.33,96,46,1.3,scattered clouds
148,Thurso,GB,2020-11-23 17:19:21,58.59,-3.53,46.4,81,40,16.11,moderate rain
149,Ponta Do Sol,PT,2020-11-23 17:19:21,32.67,-17.1,68.0,72,40,5.82,scattered clouds
150,Matay,EG,2020-11-23 17:19:21,28.42,30.78,66.15,47,83,9.53,broken clouds
151,Mayo,US,2020-11-23 17:19:21,38.89,-76.51,52.0,57,1,16.11,clear sky
152,Uchiza,PE,2020-11-23 17:19:21,-8.46,-76.46,82.62,60,100,1.88,light rain
153,Ambilobe,MG,2020-11-23 17:19:21,-13.2,49.05,78.85,65,39,4.88,scattered clouds
154,Saumur,FR,2020-11-23 17:19:01,47.33,-0.25,51.01,81,90,2.55,overcast clouds
155,Atlantic City,US,2020-11-23 17:17:08,39.36,-74.42,52.0,62,90,21.92,overcast clouds
156,Kaeo,NZ,2020-11-23 17:19:22,-35.1,173.78,57.0,89,100,4.16,moderate rain
157,Benguela,AO,2020-11-23 17:19:22,-12.58,13.41,77.29,77,100,8.63,overcast clouds
158,Achinsk,RU,2020-11-23 17:19:22,56.27,90.5,9.16,96,95,2.21,overcast clouds
159,Boyolangu,ID,2020-11-23 17:19:22,-8.12,111.89,77.05,86,100,2.53,light rain
160,Vao,NC,2020-11-23 17:19:22,-22.67,167.48,72.86,68,82,8.1,broken clouds
161,Baghdad,IQ,2020-11-23 17:16:05,33.34,44.4,59.0,58,0,3.36,clear sky
162,San Patricio,US,2020-11-23 17:19:23,28.02,-97.52,73.99,69,40,10.29,scattered clouds
163,Tongliao,CN,2020-11-23 17:19:23,43.61,122.27,15.8,92,0,7.61,clear sky
164,Bereda,ES,2020-11-23 17:19:23,43.27,-7.54,55.0,96,100,1.01,overcast clouds
165,Saldanha,ZA,2020-11-23 17:17:08,-33.01,17.94,64.4,55,94,5.82,overcast clouds
166,Qaqortoq,GL,2020-11-23 17:19:23,60.72,-46.03,23.0,53,40,2.24,scattered clouds
167,Avera,US,2020-11-23 17:19:23,33.19,-82.53,64.4,52,1,8.05,clear sky
168,Port Elizabeth,ZA,2020-11-23 17:19:23,-33.92,25.57,64.4,88,40,12.75,scattered clouds
169,Zlobin,HR,2020-11-23 17:19:24,45.29,14.65,50.0,66,0,5.82,clear sky
170,Verkhnyaya Sysert,RU,2020-11-23 17:19:24,56.44,60.75,15.8,85,0,4.47,clear sky
171,Henties Bay,NA,2020-11-23 17:19:24,-22.12,14.28,64.0,79,1,14.79,clear sky
172,Havelock,US,2020-11-23 17:16:10,34.88,-76.9,66.0,68,21,7.0,few clouds
173,Piacabucu,BR,2020-11-23 17:19:24,-10.41,-36.43,83.37,61,67,13.2,broken clouds
174,Ponta Delgada,PT,2020-11-23 17:19:24,37.73,-25.67,66.2,77,20,11.41,few clouds
175,Cedar City,US,2020-11-23 17:14:49,37.68,-113.06,42.8,45,1,5.48,clear sky
176,Hlatikulu,SZ,2020-11-23 17:19:25,-26.97,31.32,96.8,41,56,6.93,broken clouds
177,Mayuge,UG,2020-11-23 17:19:25,0.46,33.48,69.62,77,3,5.23,light rain
178,Katsuura,JP,2020-11-23 17:19:25,35.13,140.3,57.2,47,75,12.75,broken clouds
179,New Norfolk,AU,2020-11-23 17:19:25,-42.78,147.06,54.0,64,99,2.48,light rain
180,Faanui,PF,2020-11-23 17:19:25,-16.48,-151.75,80.78,73,77,8.16,broken clouds
181,Victoria,HK,2020-11-23 17:15:44,22.29,114.16,73.0,84,6,1.99,clear sky
182,Nikki,BJ,2020-11-23 17:19:25,9.94,3.21,85.84,26,40,1.61,scattered clouds
183,Banda Aceh,ID,2020-11-23 17:19:26,5.56,95.32,79.54,78,88,2.66,overcast clouds
184,Launceston,AU,2020-11-23 17:19:26,-41.45,147.17,55.4,82,90,1.12,overcast clouds
185,Kruisfontein,ZA,2020-11-23 17:19:26,-34.0,24.73,66.0,75,45,7.0,scattered clouds
186,Bambanglipuro,ID,2020-11-23 17:19:26,-7.95,110.28,78.87,86,100,3.24,moderate rain
187,Tiksi,RU,2020-11-23 17:19:26,71.69,128.87,-7.58,89,63,4.54,broken clouds
188,Lagoa,PT,2020-11-23 17:19:27,39.05,-27.98,61.39,75,13,10.76,few clouds
189,Boueni,YT,2020-11-23 17:19:27,-12.9,45.08,82.4,78,0,3.36,clear sky
190,Mana,GF,2020-11-23 17:19:27,5.66,-53.78,81.88,79,99,9.69,light rain
191,Ambon,ID,2020-11-23 17:15:50,-3.7,128.18,78.01,15,89,2.98,moderate rain
192,Saint George,US,2020-11-23 17:19:27,37.1,-113.58,44.6,39,1,2.89,clear sky
193,Mahebourg,MU,2020-11-23 17:19:27,-20.41,57.7,73.4,83,40,10.83,scattered clouds
194,Najran,SA,2020-11-23 17:19:09,17.49,44.13,69.8,32,0,3.49,clear sky
195,Port Blair,IN,2020-11-23 17:19:28,11.67,92.75,80.85,82,11,11.18,few clouds
196,San Cristobal,VE,2020-11-23 17:19:28,7.77,-72.22,87.8,52,40,5.82,scattered clouds
197,Oktyabrskiy,RU,2020-11-23 17:19:28,54.48,53.47,21.94,92,100,10.25,overcast clouds
198,Farah,AF,2020-11-23 17:19:28,32.5,62.5,47.25,52,80,1.5,broken clouds
199,Baruun-Urt,MN,2020-11-23 17:19:28,46.68,113.28,10.65,94,0,12.59,clear sky
200,Ondangwa,NA,2020-11-23 17:19:28,-17.92,15.95,100.4,12,69,8.05,broken clouds
201,Lasa,IT,2020-11-23 17:19:29,46.62,10.7,39.2,64,40,9.17,scattered clouds
202,Road Town,VG,2020-11-23 17:17:52,18.42,-64.62,84.2,70,40,11.41,scattered clouds
203,Sol-Iletsk,RU,2020-11-23 17:17:00,51.16,54.99,21.97,92,99,8.52,overcast clouds
204,Ganzhou,CN,2020-11-23 17:19:29,28.82,115.43,45.84,88,69,4.25,broken clouds
205,Clyde River,CA,2020-11-23 17:19:29,70.47,-68.59,6.8,92,90,27.51,light snow
206,Vegreville,CA,2020-11-23 17:19:29,53.5,-112.05,15.8,92,66,3.36,broken clouds
207,Sampit,ID,2020-11-23 17:19:29,-2.53,112.95,74.39,97,19,2.13,few clouds
208,Mazamari,PE,2020-11-23 17:19:29,-11.33,-74.53,96.85,32,90,1.07,light rain
209,Havre-Saint-Pierre,CA,2020-11-23 17:19:29,50.23,-63.6,32.0,97,90,12.75,light snow
210,Inhambane,MZ,2020-11-23 17:19:30,-23.86,35.38,80.6,78,20,13.87,few clouds
211,North Bend,US,2020-11-23 17:19:30,43.41,-124.22,46.4,100,90,5.82,mist
212,Gamba,GA,2020-11-23 17:19:30,-2.65,10.0,77.11,89,100,8.75,light rain
213,Yulara,AU,2020-11-23 17:19:30,-25.24,130.99,80.6,19,100,12.75,overcast clouds
214,Mitsamiouli,KM,2020-11-23 17:19:30,-11.38,43.28,81.95,75,4,9.4,clear sky
215,Upernavik,GL,2020-11-23 17:19:30,72.79,-56.15,18.14,93,100,11.7,overcast clouds
216,Hervey Bay,AU,2020-11-23 17:19:31,-25.3,152.85,73.99,74,29,4.0,scattered clouds
217,Zhuhai,CN,2020-11-23 17:14:44,22.28,113.57,73.4,83,40,6.93,scattered clouds
218,Sao Jose Da Coroa Grande,BR,2020-11-23 17:19:31,-8.9,-35.15,81.93,69,79,12.88,broken clouds
219,Vangaindrano,MG,2020-11-23 17:19:31,-23.35,47.6,75.72,86,74,10.65,broken clouds
220,Sisimiut,GL,2020-11-23 17:19:31,66.94,-53.67,18.77,85,95,22.57,overcast clouds
221,Tessalit,ML,2020-11-23 17:19:31,20.2,1.01,68.97,21,0,10.71,clear sky
222,Obo,CF,2020-11-23 17:19:32,5.4,26.49,77.54,45,27,2.68,scattered clouds
223,Vryburg,ZA,2020-11-23 17:19:32,-26.96,24.73,83.25,15,36,13.31,scattered clouds
224,Sur,OM,2020-11-23 17:19:32,22.57,59.53,75.25,66,0,8.46,clear sky
225,Norman Wells,CA,2020-11-23 17:19:32,65.28,-126.83,6.8,84,40,5.82,scattered clouds
226,Quatre Cocos,MU,2020-11-23 17:19:32,-20.21,57.76,75.0,83,40,10.25,scattered clouds
227,Urengoy,RU,2020-11-23 17:19:32,65.97,78.37,7.14,94,54,14.27,broken clouds
228,Nemuro,JP,2020-11-23 17:18:35,43.32,145.57,37.4,76,9,19.95,clear sky
229,Sao Joao Da Barra,BR,2020-11-23 17:19:33,-21.64,-41.05,78.8,74,75,4.7,broken clouds
230,Mount Isa,AU,2020-11-23 17:19:33,-20.73,139.5,71.6,35,50,3.58,scattered clouds
231,Nikolayevsk-Na-Amure,RU,2020-11-23 17:19:33,53.14,140.73,10.17,84,17,6.46,few clouds
232,Grand Gaube,MU,2020-11-23 17:19:33,-20.01,57.66,75.0,71,5,3.0,clear sky
233,Saint-Leu,RE,2020-11-23 17:19:33,-21.15,55.28,73.4,69,0,10.29,clear sky
234,Zhireken,RU,2020-11-23 17:19:33,52.82,117.31,12.94,94,40,2.35,scattered clouds
235,Osinki,RU,2020-11-23 17:19:33,52.84,49.51,24.42,97,100,14.34,light snow
236,Palu,ID,2020-11-23 17:19:34,-0.89,119.87,77.54,80,100,1.43,overcast clouds
237,Paita,PE,2020-11-23 17:19:34,-5.09,-81.11,77.0,53,0,14.99,clear sky
238,Port Lincoln,AU,2020-11-23 17:19:34,-34.73,135.87,55.63,84,61,3.58,broken clouds
239,Talnakh,RU,2020-11-23 17:19:34,69.49,88.4,19.4,100,40,20.13,light snow
240,Oyama,JP,2020-11-23 17:19:34,36.3,139.8,57.0,75,75,2.24,broken clouds
241,Vestmannaeyjar,IS,2020-11-23 17:19:34,63.44,-20.27,32.0,83,75,10.29,broken clouds
242,Oxbow,CA,2020-11-23 17:19:34,49.23,-102.17,19.0,93,98,10.0,overcast clouds
243,Pizhanka,RU,2020-11-23 17:19:35,57.46,48.54,25.48,97,100,14.43,snow
244,Burnie,AU,2020-11-23 17:19:35,-41.07,145.92,53.01,73,100,8.99,overcast clouds
245,Zyryanka,RU,2020-11-23 17:19:35,65.75,150.85,-0.38,93,100,8.23,light snow
246,Nuuk,GL,2020-11-23 17:15:46,64.18,-51.72,21.2,53,40,9.17,scattered clouds
247,Berbera,SO,2020-11-23 17:19:35,10.44,45.01,79.7,74,100,9.48,overcast clouds
248,Puerto Baquerizo Moreno,EC,2020-11-23 17:19:35,-0.9,-89.6,77.0,73,75,16.11,broken clouds
249,Muyezerskiy,RU,2020-11-23 17:19:35,63.93,31.65,35.08,97,100,6.38,light rain
250,Magadan,RU,2020-11-23 17:19:35,59.57,150.8,1.78,83,22,8.5,few clouds
251,Karpathos,GR,2020-11-23 17:19:36,35.51,27.21,62.6,67,20,11.41,few clouds
252,Juba,SS,2020-11-23 17:15:01,4.85,31.58,89.06,34,66,2.35,broken clouds
253,Faya,SA,2020-11-23 17:19:36,18.39,42.45,66.2,72,0,5.82,clear sky
254,Cururupu,BR,2020-11-23 17:19:36,-1.83,-44.87,83.05,77,92,5.82,moderate rain
255,Winchester,GB,2020-11-23 17:19:36,51.07,-1.32,51.8,87,75,2.24,broken clouds
256,Laiyang,CN,2020-11-23 17:19:36,36.98,120.71,41.0,61,100,5.46,overcast clouds
257,Saint-Augustin,CA,2020-11-23 17:19:36,51.23,-58.65,27.9,92,97,5.35,overcast clouds
258,Surin,TH,2020-11-23 17:19:36,14.88,103.49,78.01,99,87,9.71,overcast clouds
259,Mecca,SA,2020-11-23 17:15:01,21.43,39.83,77.04,64,0,5.55,clear sky
260,Gharghoda,IN,2020-11-23 17:19:37,22.17,83.35,61.81,52,9,2.8,clear sky
261,Bay City,US,2020-11-23 17:15:13,43.59,-83.89,42.01,66,75,13.87,broken clouds
262,Nanakuli,US,2020-11-23 17:19:37,21.39,-158.15,75.2,73,20,4.7,few clouds
263,Labuhan,ID,2020-11-23 17:19:37,-6.88,112.21,80.38,80,83,6.49,moderate rain
264,Tezu,IN,2020-11-23 17:19:37,27.92,96.17,61.54,44,0,4.0,clear sky
265,Hirara,JP,2020-11-23 17:19:37,24.8,125.28,73.09,79,77,22.93,broken clouds
266,Altay,CN,2020-11-23 17:19:37,47.87,88.12,16.11,68,75,3.2,broken clouds
267,Klaksvik,FO,2020-11-23 17:19:37,62.23,-6.59,46.4,93,75,17.22,broken clouds
268,Isangel,VU,2020-11-23 17:19:38,-19.55,169.27,72.64,80,2,6.76,clear sky
269,Pangkalanbuun,ID,2020-11-23 17:19:38,-2.68,111.62,74.41,95,15,2.26,light rain
270,Bengkulu,ID,2020-11-23 17:19:38,-3.8,102.27,73.09,96,100,5.28,heavy intensity rain
271,Usta Muhammad,PK,2020-11-23 17:19:38,28.18,68.04,62.04,31,44,6.51,scattered clouds
272,Allingabro,DK,2020-11-23 17:19:38,56.47,10.33,44.6,81,42,9.17,scattered clouds
273,Flinders,AU,2020-11-23 17:19:38,-34.58,150.86,64.99,81,51,1.01,broken clouds
274,Aligudarz,IR,2020-11-23 17:16:42,33.4,49.69,41.95,66,0,1.12,clear sky
275,Carnarvon,AU,2020-11-23 17:15:40,-24.87,113.63,73.4,94,0,20.8,clear sky
276,Rio Gallegos,AR,2020-11-23 17:19:39,-51.62,-69.22,60.8,35,40,27.51,mist
277,Cap Malheureux,MU,2020-11-23 17:19:39,-19.98,57.61,75.0,71,4,3.0,clear sky
278,Karratha,AU,2020-11-23 17:19:39,-20.74,116.85,80.58,67,66,7.38,broken clouds
279,Ust-Barguzin,RU,2020-11-23 17:19:39,53.45,108.98,27.52,92,99,6.13,overcast clouds
280,Kentwood,US,2020-11-23 17:19:39,42.87,-85.64,43.0,56,75,9.17,broken clouds
281,Acarau,BR,2020-11-23 17:18:25,-2.89,-40.12,87.78,56,98,19.6,overcast clouds
282,Lebu,CL,2020-11-23 17:19:39,-37.62,-73.65,58.37,70,33,10.13,scattered clouds
283,Salalah,OM,2020-11-23 17:19:40,17.02,54.09,82.4,61,0,3.36,clear sky
284,Kavaratti,IN,2020-11-23 17:19:40,10.57,72.64,82.71,66,0,7.11,clear sky
285,Dandong,CN,2020-11-23 17:19:40,40.13,124.39,28.31,82,19,3.89,few clouds
286,Eyl,SO,2020-11-23 17:19:40,7.98,49.82,79.21,79,66,9.46,broken clouds
287,Wonthaggi,AU,2020-11-23 17:19:40,-38.6,145.59,55.99,86,73,11.92,broken clouds
288,Gayny,RU,2020-11-23 17:19:40,60.31,54.32,21.67,96,100,8.61,overcast clouds
289,Dromolaxia,CY,2020-11-23 17:19:41,34.88,33.59,62.6,67,75,4.7,broken clouds
290,Monterrey,MX,2020-11-23 17:15:03,25.67,-100.32,68.0,72,40,5.82,scattered clouds
291,Saint-Georges,GD,2020-11-23 17:19:41,12.06,-61.75,86.0,74,20,23.04,few clouds
292,Atar,MR,2020-11-23 17:19:41,20.52,-13.05,83.86,15,57,14.72,broken clouds
293,Deputatskiy,RU,2020-11-23 17:19:41,69.3,139.9,-3.41,93,100,6.13,light snow
294,Taywarah,AF,2020-11-23 17:19:41,33.35,64.42,31.42,97,93,2.98,overcast clouds
295,Sarankhola,BD,2020-11-23 17:19:41,22.31,89.79,62.64,59,38,4.0,scattered clouds
296,Caravelas,BR,2020-11-23 17:19:42,-17.71,-39.25,72.97,92,98,12.59,light rain
297,Bentiu,SS,2020-11-23 17:19:42,9.23,29.83,85.3,32,4,3.04,clear sky
298,Espoo,FI,2020-11-23 17:15:08,60.25,24.67,39.99,86,90,11.41,overcast clouds
299,Imbituba,BR,2020-11-23 17:19:42,-28.24,-48.67,77.0,65,75,14.99,broken clouds
300,Kot Isa Khan,IN,2020-11-23 17:19:42,30.95,75.13,61.63,51,61,8.21,broken clouds
301,Bataipora,BR,2020-11-23 17:19:42,-22.3,-53.27,91.94,30,0,7.16,clear sky
302,Port Hedland,AU,2020-11-23 17:19:42,-20.32,118.57,82.4,78,42,4.7,scattered clouds
303,Mogadishu,SO,2020-11-23 17:19:43,2.04,45.34,81.01,78,58,14.23,broken clouds
304,Saint-Ambroise,CA,2020-11-23 17:19:43,48.55,-71.33,30.99,100,100,6.93,snow
305,Samarai,PG,2020-11-23 17:19:43,-10.62,150.67,80.67,82,78,11.74,light rain
306,Broome,US,2020-11-23 17:19:43,42.25,-75.83,39.0,74,90,14.99,overcast clouds
307,Half Moon Bay,US,2020-11-23 17:19:43,37.46,-122.43,53.6,87,90,5.82,overcast clouds
308,Janoshalma,HU,2020-11-23 17:19:43,46.3,19.33,41.0,84,100,4.36,overcast clouds
309,Hearst,CA,2020-11-23 17:19:43,49.68,-83.67,10.4,85,100,6.93,overcast clouds
310,Gerede,TR,2020-11-23 17:19:43,40.8,32.2,32.16,86,0,4.07,clear sky
311,Penzance,GB,2020-11-23 17:19:44,50.12,-5.54,51.8,93,75,16.11,fog
312,Tarauaca,BR,2020-11-23 17:19:44,-8.16,-70.77,97.74,36,61,5.46,broken clouds
313,Melfi,IT,2020-11-23 17:19:44,41.0,15.65,46.4,87,5,3.47,clear sky
314,Esperance,AU,2020-11-23 17:19:44,-33.87,121.9,66.2,55,7,13.87,clear sky
315,Nizhniy Ingash,RU,2020-11-23 17:19:44,56.2,96.53,11.46,96,100,2.77,overcast clouds
316,Altamira,BR,2020-11-23 17:19:44,-3.2,-52.21,84.2,74,75,6.93,broken clouds
317,Pisco,PE,2020-11-23 17:19:44,-13.7,-76.22,69.8,73,0,9.17,clear sky
318,Ostersund,SE,2020-11-23 17:19:44,63.18,14.64,33.8,86,20,17.22,few clouds
319,Nouadhibou,MR,2020-11-23 17:19:45,20.93,-17.03,82.4,39,20,9.17,few clouds
320,Sola,VU,2020-11-23 17:19:45,-13.88,167.55,78.31,87,95,9.4,light rain
321,San Vicente,AR,2020-11-23 17:19:45,-26.62,-54.13,91.69,24,0,5.41,clear sky
322,Ivangorod,RU,2020-11-23 17:19:45,59.37,28.22,41.22,73,99,11.61,overcast clouds
323,Vysokogornyy,RU,2020-11-23 17:19:45,50.12,139.15,4.62,93,100,7.78,overcast clouds
324,Nelson Bay,AU,2020-11-23 17:16:42,-32.72,152.15,66.99,88,40,8.05,scattered clouds
325,Portland,US,2020-11-23 17:14:51,45.52,-122.68,46.0,92,99,1.99,light rain
326,Fairbanks,US,2020-11-23 17:19:46,64.84,-147.72,-7.6,83,1,3.36,clear sky
327,Corrales,US,2020-11-23 17:19:46,35.24,-106.61,52.0,73,99,15.26,overcast clouds
328,Dosso,NE,2020-11-23 17:19:24,13.05,3.19,82.06,20,0,2.82,clear sky
329,Bonavista,CA,2020-11-23 17:19:46,48.65,-53.11,30.99,54,4,4.7,clear sky
330,Sainte-Rose,GP,2020-11-23 17:19:46,16.33,-61.7,84.2,70,75,17.22,broken clouds
331,Sandwick,GB,2020-11-23 17:19:46,60.0,-1.25,46.4,87,75,27.51,light rain
332,Warrnambool,AU,2020-11-23 17:19:46,-38.38,142.48,55.0,89,88,8.16,overcast clouds
333,Porto Novo,BJ,2020-11-23 17:16:57,6.5,2.6,87.8,70,20,12.75,few clouds
334,Sioux Lookout,CA,2020-11-23 17:19:47,50.1,-91.92,14.0,66,75,5.82,broken clouds
335,Kahului,US,2020-11-23 17:17:28,20.89,-156.47,75.2,73,40,14.99,scattered clouds
336,Hendrina,ZA,2020-11-23 17:19:47,-26.16,29.72,72.0,77,20,4.0,few clouds
337,Nanortalik,GL,2020-11-23 17:19:47,60.14,-45.24,28.83,85,0,35.59,clear sky
338,Tabou,CI,2020-11-23 17:19:47,4.42,-7.35,80.92,79,57,8.08,light rain
339,Slave Lake,CA,2020-11-23 17:19:47,55.28,-114.77,24.8,92,90,11.41,overcast clouds
340,Maloh,PH,2020-11-23 17:19:47,9.06,122.99,78.49,81,80,11.36,broken clouds
341,Arman,RU,2020-11-23 17:19:48,59.7,150.17,-0.67,84,2,9.1,clear sky
342,Moose Factory,CA,2020-11-23 17:19:48,51.26,-80.61,15.8,66,90,12.75,overcast clouds
343,Qasigiannguit,GL,2020-11-23 17:16:11,68.82,-51.19,19.4,62,75,18.34,broken clouds
344,Chicama,PE,2020-11-23 17:19:48,-7.84,-79.15,66.2,72,63,12.75,mist
345,Kattivakkam,IN,2020-11-23 17:19:48,13.22,80.32,80.6,94,75,4.7,light rain
346,San Jose,US,2020-11-23 17:18:44,37.34,-121.89,53.01,87,90,4.23,mist
347,Asau,RO,2020-11-23 17:19:48,46.43,26.4,42.01,80,0,10.29,clear sky
348,Paamiut,GL,2020-11-23 17:19:48,61.99,-49.67,23.16,84,34,6.08,scattered clouds
349,Khandyga,RU,2020-11-23 17:19:49,62.67,135.6,-21.32,84,86,1.54,overcast clouds
350,Sabinopolis,BR,2020-11-23 17:19:49,-18.67,-43.08,73.69,81,87,7.2,light rain
351,High Level,CA,2020-11-23 17:19:49,58.52,-117.14,-14.8,83,75,3.15,smoke
352,Longyearbyen,SJ,2020-11-23 17:15:33,78.22,15.64,28.4,68,75,18.34,broken clouds
353,Buraydah,SA,2020-11-23 17:19:50,26.33,43.98,66.2,52,0,5.82,clear sky
354,Kasane,BW,2020-11-23 17:19:50,-17.82,25.15,78.8,65,40,6.93,thunderstorm
355,Dori,BF,2020-11-23 17:19:50,14.04,-0.03,88.93,12,0,8.3,clear sky
356,Santa Cruz Del Sur,CU,2020-11-23 17:17:10,20.71,-78.0,82.35,70,76,8.3,light rain
357,Tutoia,BR,2020-11-23 17:19:50,-2.76,-42.27,89.6,59,20,14.36,few clouds
358,Kanigoro,ID,2020-11-23 17:19:50,-8.13,112.22,75.25,90,100,1.28,light rain
359,Mfou,CM,2020-11-23 17:19:50,3.72,11.64,75.83,74,90,3.62,overcast clouds
360,Itarema,BR,2020-11-23 17:19:51,-2.92,-39.92,87.03,59,98,18.68,overcast clouds
361,Araceli,PH,2020-11-23 17:19:51,10.55,119.99,83.39,74,80,23.96,broken clouds
362,Williamsburg,US,2020-11-23 17:18:55,37.27,-76.71,62.6,48,1,16.11,clear sky
363,Luderitz,NA,2020-11-23 17:19:51,-26.65,15.16,68.0,60,0,12.75,clear sky
364,Santa Cruz,BO,2020-11-23 17:15:47,-17.8,-63.17,95.0,44,0,11.41,clear sky
365,Lambarene,GA,2020-11-23 17:19:51,-0.7,10.24,76.95,91,75,6.31,moderate rain
366,Cockburn Town,TC,2020-11-23 17:19:51,21.46,-71.14,79.48,75,68,11.03,broken clouds
367,Quelimane,MZ,2020-11-23 17:19:52,-17.88,36.89,82.4,83,20,16.11,few clouds
368,Honningsvag,NO,2020-11-23 17:19:52,70.98,25.97,37.4,74,40,16.11,scattered clouds
369,Pareora,NZ,2020-11-23 17:19:52,-44.49,171.21,46.0,86,40,6.06,scattered clouds
370,Alofi,NU,2020-11-23 17:19:52,-19.06,-169.92,73.4,100,75,2.24,broken clouds
371,Imeni Babushkina,RU,2020-11-23 17:19:52,59.76,43.13,27.05,96,100,8.72,overcast clouds
372,Zhangye,CN,2020-11-23 17:19:52,38.93,100.45,18.07,91,90,1.28,overcast clouds
373,Seoul,KR,2020-11-23 17:16:45,37.57,126.98,33.8,55,40,3.04,scattered clouds
374,Tiznit,MA,2020-11-23 17:19:53,29.58,-9.5,69.51,28,0,7.63,clear sky
375,Krasnyy Chikoy,RU,2020-11-23 17:19:53,50.36,108.75,17.15,91,98,2.19,overcast clouds
376,Jieshi,CN,2020-11-23 17:19:53,22.81,115.83,71.01,80,3,1.01,clear sky
377,Pangnirtung,CA,2020-11-23 17:19:53,66.15,-65.71,19.4,62,90,9.17,shower rain
378,Bandundu,CD,2020-11-23 17:19:53,-3.32,17.37,72.59,95,100,4.63,light rain
379,Sorland,NO,2020-11-23 17:19:53,67.67,12.69,42.8,69,40,14.99,scattered clouds
380,Kathmandu,NP,2020-11-23 17:15:43,27.72,85.32,50.0,93,20,3.36,few clouds
381,Kristiinankaupunki,FI,2020-11-23 17:19:54,62.27,21.38,40.42,79,75,11.21,broken clouds
382,Okhotsk,RU,2020-11-23 17:19:54,59.38,143.3,0.18,86,49,16.64,scattered clouds
383,Le Port,RE,2020-11-23 17:19:54,-20.94,55.29,71.6,64,0,11.41,clear sky
384,Santa Vitoria Do Palmar,BR,2020-11-23 17:18:36,-33.52,-53.37,76.06,55,1,13.35,clear sky
385,College,US,2020-11-23 17:19:54,64.86,-147.8,-7.6,69,1,3.36,clear sky
386,Svetlogorsk,BY,2020-11-23 17:19:55,52.63,29.73,38.5,83,100,10.58,overcast clouds
387,Saint-Junien,FR,2020-11-23 17:19:55,45.88,0.9,46.4,85,0,4.7,clear sky
388,Kieta,PG,2020-11-23 17:19:55,-6.22,155.63,79.32,78,90,0.31,overcast clouds
389,Kindersley,CA,2020-11-23 17:18:21,51.47,-109.17,10.4,85,90,13.87,overcast clouds
390,Chagoda,RU,2020-11-23 17:19:55,59.16,35.33,37.49,97,100,7.43,light rain
391,Cantaura,VE,2020-11-23 17:19:55,9.31,-64.36,85.78,61,58,8.52,broken clouds
392,Sile,TR,2020-11-23 17:19:56,41.18,29.61,50.0,63,0,9.44,clear sky
393,Pauini,BR,2020-11-23 17:19:56,-7.71,-66.98,97.75,38,98,4.59,overcast clouds
394,Severo-Kurilsk,RU,2020-11-23 17:19:56,50.68,156.12,29.86,89,80,26.02,broken clouds
395,Abu Zabad,SD,2020-11-23 17:19:56,12.35,29.25,79.92,28,58,9.89,broken clouds
396,Rocha,UY,2020-11-23 17:18:26,-34.48,-54.33,80.4,46,0,13.11,clear sky
397,Mangrol,IN,2020-11-23 17:19:56,21.12,70.12,73.94,54,0,8.86,clear sky
398,La Ronge,CA,2020-11-23 17:19:57,55.1,-105.28,8.6,78,100,8.05,overcast clouds
399,Nome,US,2020-11-23 17:19:57,64.5,-165.41,26.6,92,90,6.93,overcast clouds
400,Tigre,AR,2020-11-23 17:19:57,-34.43,-58.58,87.01,35,0,17.22,clear sky
401,Naze,JP,2020-11-23 17:19:57,28.37,129.48,66.2,72,75,12.75,broken clouds
402,Opuwo,NA,2020-11-23 17:19:57,-18.06,13.84,83.89,23,43,19.57,scattered clouds
403,Mandalgovi,MN,2020-11-23 17:19:57,45.76,106.27,10.76,85,0,6.64,clear sky
404,Thaba Nchu,ZA,2020-11-23 17:19:58,-29.21,26.84,75.2,41,0,3.36,clear sky
405,Bull Savanna,JM,2020-11-23 17:19:58,17.89,-77.59,79.52,75,99,3.96,light rain
406,Ricardo Palma,PE,2020-11-23 17:19:58,-11.92,-76.67,69.8,64,75,9.17,broken clouds
407,Naliya,IN,2020-11-23 17:19:58,23.27,68.83,71.69,56,0,5.93,clear sky
408,Northam,GB,2020-11-23 17:19:58,51.03,-4.22,53.01,90,83,8.99,broken clouds
409,Xichang,CN,2020-11-23 17:19:58,27.9,102.26,49.12,72,0,1.25,clear sky
410,Calabozo,VE,2020-11-23 17:19:58,8.92,-67.43,82.63,77,42,8.3,light rain
411,Hofn,IS,2020-11-23 17:19:59,64.25,-15.21,37.4,64,75,16.11,light rain
412,Presidente Olegario,BR,2020-11-23 17:17:14,-18.42,-46.42,81.0,64,35,7.0,moderate rain
413,Dalbandin,PK,2020-11-23 17:19:59,28.89,64.41,56.66,49,81,7.29,broken clouds
414,Sao Miguel Do Araguaia,BR,2020-11-23 17:19:59,-13.28,-50.16,87.6,56,40,7.29,light rain
415,Weston,US,2020-11-23 17:16:50,26.1,-80.4,80.01,78,75,16.11,broken clouds
416,Khovu-Aksy,RU,2020-11-23 17:19:59,51.13,93.6,13.06,91,100,0.47,overcast clouds
417,Ust-Maya,RU,2020-11-23 17:19:59,60.42,134.53,-21.05,86,83,2.33,broken clouds
418,Nyurba,RU,2020-11-23 17:20:00,63.28,118.33,-2.51,91,69,5.19,broken clouds
419,Ojinaga,MX,2020-11-23 17:20:00,29.57,-104.42,70.0,49,1,5.82,clear sky
420,Olinda,BR,2020-11-23 17:18:03,-8.01,-34.86,82.4,61,75,12.75,broken clouds
421,Kokoda,PG,2020-11-23 17:20:00,-8.88,147.74,74.88,74,100,0.74,moderate rain
422,Nizhniy Tsasuchey,RU,2020-11-23 17:20:00,50.52,115.13,19.38,95,13,6.35,few clouds
423,Ozu,JP,2020-11-23 17:20:00,33.5,132.55,48.0,81,18,1.01,few clouds
424,Touros,BR,2020-11-23 17:20:00,-5.2,-35.46,86.0,62,75,17.22,broken clouds
425,Sobolevo,RU,2020-11-23 17:20:01,54.43,31.9,36.79,96,100,12.46,overcast clouds
426,Rio Grande,BR,2020-11-23 17:15:22,-32.03,-52.1,80.6,51,20,18.34,few clouds
427,Poya,NC,2020-11-23 17:20:01,-21.35,165.15,72.18,81,3,4.76,clear sky
428,Kloulklubed,PW,2020-11-23 17:20:01,7.04,134.26,77.0,94,75,3.36,broken clouds
429,Shetpe,KZ,2020-11-23 17:20:01,44.17,52.12,26.24,99,100,5.75,light snow
430,Dolinsk,RU,2020-11-23 17:20:01,47.35,142.8,24.8,85,40,6.71,scattered clouds
431,Boa Vista,BR,2020-11-23 17:20:02,2.82,-60.67,89.6,55,75,5.82,broken clouds
432,Tianpeng,CN,2020-11-23 17:18:01,30.99,103.94,48.99,1,71,5.57,broken clouds
433,Bizhbulyak,RU,2020-11-23 17:20:02,53.7,54.26,18.64,94,93,10.8,overcast clouds
434,Inuvik,CA,2020-11-23 17:20:03,68.35,-133.72,5.0,77,99,9.17,overcast clouds
435,Shengjin,AL,2020-11-23 17:20:04,41.81,19.59,48.2,75,0,1.12,clear sky
436,Hokitika,NZ,2020-11-23 17:20:04,-42.72,170.97,47.57,87,88,6.29,overcast clouds
437,Lagos,NG,2020-11-23 17:17:33,6.58,3.75,87.8,70,40,4.7,scattered clouds
438,Chipata,ZM,2020-11-23 17:20:04,-13.63,32.65,81.45,33,14,10.31,few clouds
439,Toora-Khem,RU,2020-11-23 17:20:05,52.47,96.11,16.56,95,100,1.28,overcast clouds
440,Griffith,US,2020-11-23 17:18:06,41.53,-87.42,43.0,52,1,3.36,clear sky
441,Vardo,NO,2020-11-23 17:20:05,70.37,31.11,37.4,69,40,20.8,scattered clouds
442,Pelym,RU,2020-11-23 17:20:05,61.01,62.0,21.94,93,73,8.3,broken clouds
443,Tual,ID,2020-11-23 17:20:05,-5.67,132.75,83.57,77,69,7.94,light rain
444,Tamiahua,MX,2020-11-23 17:20:06,21.27,-97.45,76.03,74,23,11.48,few clouds
445,Barreirinha,BR,2020-11-23 17:20:06,-2.79,-57.07,93.94,47,71,3.96,moderate rain
446,Saint Anthony,US,2020-11-23 17:20:06,45.02,-93.22,33.01,68,1,6.93,clear sky
447,Barhi,IN,2020-11-23 17:20:06,23.9,80.8,56.66,42,0,3.15,clear sky
448,Kisoro,UG,2020-11-23 17:20:06,-1.29,29.68,59.45,94,55,2.91,light rain
449,Grindavik,IS,2020-11-23 17:20:06,63.84,-22.43,32.0,82,40,14.99,scattered clouds
450,Tshela,CD,2020-11-23 17:18:12,-4.98,12.93,75.04,92,100,2.48,overcast clouds
451,Sumbe,AO,2020-11-23 17:20:07,-11.21,13.84,77.27,84,48,9.35,scattered clouds
452,Devarkonda,IN,2020-11-23 17:20:07,16.7,78.93,71.1,64,18,3.85,few clouds
453,Nakusp,CA,2020-11-23 17:20:07,50.25,-117.8,35.6,89,78,2.24,broken clouds
454,Bedele,ET,2020-11-23 17:20:07,8.46,36.35,57.9,74,54,2.15,broken clouds
455,Atambua,ID,2020-11-23 17:20:07,-9.11,124.89,76.46,80,97,1.21,overcast clouds
456,Emerald,AU,2020-11-23 17:20:07,-23.53,148.17,73.4,60,1,6.93,clear sky
457,Zalantun,CN,2020-11-23 17:20:08,48.0,122.72,22.19,88,0,9.69,clear sky
458,Gat,IL,2020-11-23 17:20:08,31.61,34.76,66.99,100,10,10.58,clear sky
459,Rudnogorsk,RU,2020-11-23 17:20:08,57.26,103.75,8.04,96,66,3.42,broken clouds
460,Santoshpur,IN,2020-11-23 17:20:08,22.53,88.27,64.4,72,32,5.32,haze
461,Cove,BJ,2020-11-23 17:20:09,7.22,2.34,88.5,47,58,5.12,broken clouds
462,Tateyama,JP,2020-11-23 17:20:09,34.98,139.87,57.2,47,75,12.75,broken clouds
463,Palencia,ES,2020-11-23 17:20:09,42.42,-4.5,53.01,70,100,1.99,overcast clouds
464,Kovrov,RU,2020-11-23 17:20:09,56.36,41.32,27.3,98,94,6.73,overcast clouds
465,Rudbar,AF,2020-11-23 17:20:09,30.15,62.6,55.06,40,100,5.68,overcast clouds
466,Gogrial,SS,2020-11-23 17:20:09,8.53,28.1,84.02,27,32,2.1,scattered clouds
467,Mackay,AU,2020-11-23 17:15:57,-21.15,149.2,66.2,88,8,3.36,clear sky
468,Korla,CN,2020-11-23 17:20:10,41.76,86.15,20.35,79,80,3.06,broken clouds
469,Pangody,RU,2020-11-23 17:20:10,65.85,74.49,7.81,95,6,13.53,clear sky
470,Mochumi,PE,2020-11-23 17:20:10,-6.55,-79.86,73.4,56,0,16.11,clear sky
471,Bay Roberts,CA,2020-11-23 17:20:10,47.6,-53.26,36.0,55,40,12.75,scattered clouds
472,Maceio,BR,2020-11-23 17:20:10,-9.67,-35.74,84.2,62,40,13.87,scattered clouds
473,Gao,ML,2020-11-23 17:20:11,16.64,1.64,83.59,14,0,7.16,clear sky
474,Yingkou,CN,2020-11-23 17:20:11,40.66,122.23,31.6,81,30,1.03,scattered clouds
475,Ogulin,HR,2020-11-23 17:20:11,45.27,15.23,48.2,66,0,5.82,clear sky
476,Tahta,EG,2020-11-23 17:16:10,26.77,31.5,73.4,28,0,6.93,clear sky
477,Leh,IN,2020-11-23 17:20:11,34.17,77.58,25.95,87,95,5.23,light snow
478,Togur,RU,2020-11-23 17:20:11,58.36,82.83,13.12,97,62,4.09,broken clouds
479,Nalut,LY,2020-11-23 17:20:11,30.33,10.85,51.82,68,87,10.67,overcast clouds
480,Tromso,NO,2020-11-23 17:20:12,69.65,18.96,35.6,80,75,18.34,broken clouds
481,Washington,US,2020-11-23 17:15:22,47.5,-120.5,37.0,93,43,1.48,scattered clouds
482,Ixtapa,MX,2020-11-23 17:20:12,20.7,-105.2,82.99,78,5,3.36,clear sky
483,Nahariyya,IL,2020-11-23 17:19:18,33.01,35.09,69.8,60,0,19.46,clear sky
484,Strezhevoy,RU,2020-11-23 17:20:12,60.73,77.59,14.0,92,0,8.95,clear sky
485,Livramento,BR,2020-11-23 17:20:12,-3.03,-60.18,86.0,79,75,5.82,shower rain
486,Ghanzi,BW,2020-11-23 17:20:12,-21.57,21.78,86.83,33,78,7.65,broken clouds
487,Bintulu,MY,2020-11-23 17:20:12,3.17,113.03,77.0,94,40,2.35,scattered clouds
488,Sao Gabriel Da Cachoeira,BR,2020-11-23 17:20:13,-0.13,-67.09,95.74,43,69,3.29,broken clouds
489,Leeton,AU,2020-11-23 17:20:13,-34.57,146.4,57.2,76,16,8.05,few clouds
490,Vila Franca Do Campo,PT,2020-11-23 17:20:13,37.72,-25.43,66.2,82,20,6.93,few clouds
491,Chor,PK,2020-11-23 17:16:12,25.52,69.77,71.33,28,2,9.69,clear sky
492,Bria,CF,2020-11-23 17:20:13,6.54,21.99,78.03,37,100,1.52,overcast clouds
493,Matara,LK,2020-11-23 17:20:13,5.95,80.54,77.41,88,100,8.32,overcast clouds
494,Raudeberg,NO,2020-11-23 17:20:13,61.99,5.14,42.8,86,75,17.22,light rain
495,Teguldet,RU,2020-11-23 17:20:14,57.31,88.17,15.08,97,94,2.53,overcast clouds
496,Omsukchan,RU,2020-11-23 17:20:14,62.53,155.8,-11.54,85,92,3.8,overcast clouds
497,Macomer,IT,2020-11-23 17:20:14,40.26,8.77,53.6,81,0,4.7,clear sky
498,Ugoofaaru,MV,2020-11-23 17:20:14,5.67,73.0,82.4,74,78,11.41,broken clouds
499,Along,IN,2020-11-23 17:20:14,28.17,94.77,52.16,59,0,2.08,clear sky
500,Oranjemund,NA,2020-11-23 17:20:14,-28.55,16.43,63.37,67,0,11.25,clear sky
501,Linares,CL,2020-11-23 17:20:14,-35.85,-71.6,79.0,26,37,8.19,scattered clouds
502,The Valley,AI,2020-11-23 17:20:15,18.22,-63.06,84.2,74,75,13.87,broken clouds
503,Provost,CA,2020-11-23 17:20:15,52.35,-110.27,6.8,92,100,8.05,overcast clouds
504,Hengshui,CN,2020-11-23 17:20:15,37.73,115.7,37.92,75,100,4.85,overcast clouds
505,Amapa,BR,2020-11-23 17:20:15,1.0,-52.0,84.0,78,24,3.6,moderate rain
506,Gravdal,NO,2020-11-23 17:20:15,68.12,13.5,35.6,93,75,8.05,broken clouds
507,Natal,BR,2020-11-23 17:18:42,-5.79,-35.21,87.8,58,40,18.34,scattered clouds
508,Hami,CN,2020-11-23 17:20:16,42.8,93.45,20.44,62,100,1.54,overcast clouds
509,Aykhal,RU,2020-11-23 17:19:22,66.0,111.5,5.0,84,90,4.47,light snow
510,Sao Felix Do Xingu,BR,2020-11-23 17:20:16,-6.64,-51.99,88.16,56,54,3.15,light rain
511,Mazagao,BR,2020-11-23 17:20:16,-0.12,-51.29,84.2,79,75,5.82,shower rain
512,Cherdakly,RU,2020-11-23 17:20:16,54.36,48.84,24.8,92,90,13.42,heavy snow
513,Tarata,BO,2020-11-23 17:20:16,-17.62,-66.02,82.4,24,20,9.17,few clouds
514,Dunedin,NZ,2020-11-23 17:20:16,-45.87,170.5,50.0,79,33,5.3,scattered clouds
515,Aklavik,CA,2020-11-23 17:20:17,68.22,-135.01,5.0,77,100,9.17,overcast clouds
516,Gifford,US,2020-11-23 17:20:17,27.68,-80.41,75.99,69,75,14.99,broken clouds
517,Shelburne,CA,2020-11-23 17:20:17,44.08,-80.2,37.0,94,85,11.01,overcast clouds
518,Rexburg,US,2020-11-23 17:20:17,43.83,-111.79,27.0,62,1,5.82,clear sky
519,Leningradskiy,RU,2020-11-23 17:20:18,69.38,178.42,19.96,97,97,2.98,light snow
520,Matalom,PH,2020-11-23 17:20:18,10.28,124.79,78.21,83,86,7.78,light rain
521,Lere,NG,2020-11-23 17:20:18,10.39,8.57,80.73,32,72,4.43,broken clouds
522,Anlu,CN,2020-11-23 17:20:18,31.17,112.58,37.02,85,92,7.83,overcast clouds
523,Dalvik,IS,2020-11-23 17:20:18,65.97,-18.53,15.8,85,90,3.36,overcast clouds
524,Ostrovnoy,RU,2020-11-23 17:20:18,68.05,39.51,36.21,93,100,15.82,light rain
525,Kiama,AU,2020-11-23 17:16:43,-34.68,150.87,64.99,89,62,11.14,broken clouds
526,Westport,US,2020-11-23 17:16:10,41.14,-73.36,50.0,76,90,18.34,overcast clouds
527,Redmond,US,2020-11-23 17:19:41,47.67,-122.12,44.01,94,97,3.98,light rain
528,Muros,ES,2020-11-23 17:20:19,42.78,-9.06,57.99,84,100,5.01,overcast clouds
529,Mahibadhoo,MV,2020-11-23 17:20:19,3.78,72.97,82.56,77,6,12.97,light rain
530,Pacific Grove,US,2020-11-23 17:19:30,36.62,-121.92,54.0,93,90,3.36,overcast clouds
531,Abonnema,NG,2020-11-23 17:20:19,4.71,6.79,86.0,74,75,12.75,broken clouds
532,Adrar,MR,2020-11-23 17:20:19,20.5,-10.07,75.83,17,0,14.79,clear sky
533,Prince Rupert,CA,2020-11-23 17:19:36,54.32,-130.32,42.8,80,90,10.29,overcast clouds
534,Srisailam,IN,2020-11-23 17:20:20,16.08,78.87,69.76,85,50,2.95,scattered clouds
535,Presidente Medici,BR,2020-11-23 17:20:20,-11.18,-61.9,98.76,32,58,5.59,broken clouds
536,Kanniyakumari,IN,2020-11-23 17:19:08,8.08,77.57,80.67,72,100,5.7,overcast clouds
537,Key Largo,US,2020-11-23 17:19:23,25.09,-80.45,81.0,1,1,4.0,clear sky
538,Marsa Matruh,EG,2020-11-23 17:20:20,31.35,27.25,68.0,60,75,6.93,broken clouds
539,Jurado,CO,2020-11-23 17:20:20,7.11,-77.76,82.54,78,33,5.21,light rain
540,Bajil,YE,2020-11-23 17:20:21,15.06,43.29,80.55,74,99,5.03,light rain
541,Novyy Urengoy,RU,2020-11-23 17:20:21,66.08,76.63,7.02,94,0,12.46,clear sky
542,Jacobabad,PK,2020-11-23 17:20:21,28.28,68.44,66.7,26,31,10.49,scattered clouds
543,Porto Belo,BR,2020-11-23 17:20:21,-27.16,-48.55,81.0,69,20,11.41,few clouds
544,Gobabis,NA,2020-11-23 17:20:21,-22.45,18.97,91.4,12,26,12.75,scattered clouds
545,Ambanja,MG,2020-11-23 17:20:21,-13.68,48.45,78.13,87,57,3.36,light rain
546,Elizabeth City,US,2020-11-23 17:20:22,36.29,-76.25,63.0,72,75,18.34,broken clouds
547,Santa Rosa,PH,2020-11-23 17:20:22,14.31,121.11,79.0,69,20,2.24,few clouds
548,Monrovia,LR,2020-11-23 17:20:22,6.3,-10.8,82.4,83,75,6.93,broken clouds
549,Gornyy,RU,2020-11-23 17:20:22,55.12,83.91,12.7,97,100,4.21,overcast clouds
550,Puerto Narino,CO,2020-11-23 17:20:22,-3.77,-70.38,69.8,100,90,2.24,moderate rain
551,Liverpool,GB,2020-11-23 17:20:22,53.41,-2.98,50.0,87,100,12.75,overcast clouds
552,Dinard,FR,2020-11-23 17:20:23,48.63,-2.06,52.0,81,90,4.7,overcast clouds
553,Vostok,RU,2020-11-23 17:20:23,46.49,135.88,7.21,97,100,7.72,overcast clouds
554,Eureka,US,2020-11-23 17:20:19,40.8,-124.16,48.99,97,88,1.01,overcast clouds
555,Seymchan,RU,2020-11-23 17:20:23,62.88,152.43,-3.12,90,100,3.09,overcast clouds
556,Sao Filipe,CV,2020-11-23 17:20:23,14.9,-24.5,80.82,63,9,4.25,clear sky
557,Borogontsy,RU,2020-11-23 17:20:23,62.67,131.17,-23.96,86,59,4.23,broken clouds
558,Balaipungut,ID,2020-11-23 17:20:24,1.05,101.28,77.0,94,40,1.77,scattered clouds
559,Myszkow,PL,2020-11-23 17:17:31,50.58,19.32,39.99,93,90,13.87,overcast clouds
560,Parainen,FI,2020-11-23 17:20:24,60.31,22.3,42.01,93,75,8.05,broken clouds
561,Ous,RU,2020-11-23 17:20:24,60.91,61.52,21.92,92,83,9.4,broken clouds
562,Borsec,RO,2020-11-23 17:20:24,46.95,25.57,35.01,76,100,1.01,overcast clouds
563,Camacha,PT,2020-11-23 17:20:24,33.08,-16.33,68.0,68,40,5.82,scattered clouds
564,Kwekwe,ZW,2020-11-23 17:20:24,-18.93,29.81,78.53,52,90,3.2,light rain
565,Calabar,NG,2020-11-23 17:20:25,4.95,8.32,81.73,78,66,6.87,broken clouds
566,Wanning,CN,2020-11-23 17:20:25,18.8,110.4,75.85,88,30,14.56,light rain
567,Ust-Kulom,RU,2020-11-23 17:20:25,61.69,53.69,21.42,96,100,8.43,overcast clouds
568,Ardakan,IR,2020-11-23 17:20:25,32.31,54.02,50.0,66,0,4.09,clear sky
569,San Policarpo,PH,2020-11-23 17:20:25,12.18,125.51,80.89,83,95,17.65,light rain
570,Hamilton,US,2020-11-23 17:18:24,39.18,-84.53,46.99,70,90,8.05,overcast clouds
571,Alugan,PH,2020-11-23 17:20:25,12.22,125.48,80.29,84,94,16.67,light rain
572,Neiafu,TO,2020-11-23 17:20:26,-18.65,-173.98,73.4,100,75,1.83,broken clouds
573,Guerrero Negro,MX,2020-11-23 17:20:26,27.98,-114.06,68.07,63,77,9.1,broken clouds
574,Timbiqui,CO,2020-11-23 17:20:26,2.77,-77.67,80.26,84,96,6.6,moderate rain
575,Moses Lake,US,2020-11-23 17:15:46,47.13,-119.28,35.6,80,90,2.26,mist
576,Chandbali,IN,2020-11-23 17:20:26,20.78,86.77,68.5,51,86,6.13,overcast clouds
577,Egvekinot,RU,2020-11-23 17:20:26,66.32,-179.17,18.28,98,100,4.52,light snow
578,Shatsk,RU,2020-11-23 17:20:27,54.03,41.71,33.71,97,100,8.48,overcast clouds
579,Carroll,US,2020-11-23 17:20:27,39.55,-77.02,50.0,49,1,9.17,clear sky
580,Bageshwar,IN,2020-11-23 17:20:27,29.85,79.77,50.67,55,80,2.42,broken clouds
581,Tura,IN,2020-11-23 17:20:27,25.52,90.22,59.25,88,0,4.16,clear sky
582,Khani,GE,2020-11-23 17:20:27,41.96,42.96,37.4,93,0,6.93,clear sky
583,Zhigansk,RU,2020-11-23 17:20:27,66.77,123.37,-9.74,90,98,4.07,overcast clouds
584,Ahipara,NZ,2020-11-23 17:20:27,-35.17,173.17,55.67,82,100,5.57,light rain
585,West Odessa,US,2020-11-23 17:20:28,31.84,-102.5,51.01,93,90,12.75,mist
586,Harlingen,US,2020-11-23 17:20:28,26.19,-97.7,80.6,51,40,11.41,scattered clouds
587,Bandrele,YT,2020-11-23 17:20:28,-12.91,45.19,82.4,78,0,3.36,clear sky
588,Carballo,ES,2020-11-23 17:20:28,43.21,-8.69,57.99,86,100,1.01,overcast clouds
589,Flagstaff,US,2020-11-23 17:19:05,35.2,-111.65,52.0,57,1,18.34,clear sky
590,Cayenne,GF,2020-11-23 17:20:28,4.93,-52.33,86.0,66,0,6.93,clear sky
591,Lucero,PH,2020-11-23 17:20:29,16.41,119.91,79.56,72,10,10.83,clear sky
592,Tourlaville,FR,2020-11-23 17:20:29,49.64,-1.57,53.01,100,75,5.82,broken clouds
593,Lubango,AO,2020-11-23 17:20:29,-14.92,13.49,75.2,53,40,4.7,scattered clouds
594,Nijar,ES,2020-11-23 17:20:29,36.97,-2.21,60.8,63,20,5.82,few clouds
595,Ketchikan,US,2020-11-23 17:20:29,55.34,-131.65,37.4,100,90,20.8,mist
596,Freeport,US,2020-11-23 17:19:37,40.66,-73.58,51.01,57,75,20.8,broken clouds
597,Biltine,TD,2020-11-23 17:20:30,14.53,20.92,79.74,17,0,6.6,clear sky
598,Nyaunglebin,MM,2020-11-23 17:16:14,17.95,96.73,69.51,80,47,3.96,scattered clouds
599,Coahuayana,MX,2020-11-23 17:20:30,18.73,-103.68,78.8,54,5,11.41,clear sky
600,Tignere,CM,2020-11-23 17:20:30,7.37,12.65,76.14,37,52,4.76,broken clouds
601,Constitucion,CL,2020-11-23 17:18:39,-35.33,-72.42,65.39,58,25,16.17,scattered clouds
602,Turinskaya Sloboda,RU,2020-11-23 17:20:30,57.62,64.39,18.43,94,95,8.43,overcast clouds
603,Cotonou,BJ,2020-11-23 17:20:30,6.37,2.42,86.0,74,20,12.75,few clouds
604,Brae,GB,2020-11-23 17:20:31,60.4,-1.35,48.2,81,75,27.51,light rain
605,Yeppoon,AU,2020-11-23 17:20:31,-23.13,150.73,68.0,82,0,6.17,clear sky
606,Chumikan,RU,2020-11-23 17:20:31,54.72,135.31,6.28,89,61,21.9,broken clouds
607,Moryakovskiy Zaton,RU,2020-11-23 17:20:31,56.7,84.65,23.0,79,75,2.24,broken clouds
608,Alice Springs,AU,2020-11-23 17:15:39,-23.7,133.88,78.8,21,86,10.29,overcast clouds
609,Morris,US,2020-11-23 17:19:16,40.83,-74.53,50.0,65,85,5.99,overcast clouds
610,Diofior,SN,2020-11-23 17:20:31,14.18,-16.67,96.8,32,0,6.93,clear sky
611,Kalangala,UG,2020-11-23 17:20:32,-0.31,32.23,75.2,78,20,11.41,few clouds
612,Marfino,RU,2020-11-23 17:20:32,55.7,37.38,34.0,98,90,6.71,mist
613,Tefe,BR,2020-11-23 17:20:32,-3.35,-64.71,89.6,75,40,3.36,scattered clouds
614,Plouzane,FR,2020-11-23 17:20:32,48.38,-4.62,51.8,87,90,5.82,overcast clouds
615,Lima,PE,2020-11-23 17:18:37,-12.04,-77.03,69.8,64,75,9.17,broken clouds
616,Verkhovazhye,RU,2020-11-23 17:20:32,60.75,42.05,28.51,94,98,9.62,overcast clouds
617,Naryan-Mar,RU,2020-11-23 17:20:33,67.67,53.09,24.26,97,92,16.51,overcast clouds
618,San Quintin,MX,2020-11-23 17:20:33,30.48,-115.95,62.6,78,83,9.1,broken clouds
619,Broken Hill,AU,2020-11-23 17:20:33,-31.95,141.43,62.6,59,24,16.11,few clouds
620,Comodoro Rivadavia,AR,2020-11-23 17:20:33,-45.87,-67.5,75.2,27,20,36.91,few clouds
621,Riyadh,SA,2020-11-23 17:17:51,24.69,46.72,68.0,32,0,8.05,clear sky
622,Palmer,US,2020-11-23 17:17:53,42.16,-72.33,44.6,87,75,6.93,broken clouds
623,Laukaa,RU,2020-11-23 17:20:33,58.74,29.85,39.22,81,100,8.55,overcast clouds
624,Tautira,PF,2020-11-23 17:20:34,-17.73,-149.15,80.6,69,75,6.93,broken clouds
625,Tsogni,GA,2020-11-23 17:20:34,-2.79,10.1,76.21,92,100,8.25,light rain
626,Santa Isabel,BR,2020-11-23 17:20:34,-23.32,-46.22,77.0,50,75,10.29,broken clouds
627,Dasoguz,TM,2020-11-23 17:20:34,41.84,59.97,26.6,45,0,9.17,clear sky
628,Dukat,RU,2020-11-23 17:20:34,62.55,155.55,-13.97,88,92,3.83,overcast clouds
629,Kozan,TR,2020-11-23 17:20:35,37.46,35.82,61.0,57,0,4.7,clear sky
630,Hammerfest,NO,2020-11-23 17:20:35,70.66,23.68,33.8,86,75,19.46,broken clouds
631,Altamont,US,2020-11-23 17:20:35,42.21,-121.74,35.01,86,40,4.7,scattered clouds
632,Nanchong,CN,2020-11-23 17:20:35,30.8,106.08,46.35,84,79,4.54,broken clouds
633,San Andres,CO,2020-11-23 17:18:24,12.58,-81.7,86.0,79,40,8.05,scattered clouds
634,Pervomayskiy,RU,2020-11-23 17:20:35,53.25,40.29,35.01,82,98,11.63,overcast clouds
635,Kailua,US,2020-11-23 17:20:35,21.4,-157.74,78.8,65,75,11.41,broken clouds
636,Taoudenni,ML,2020-11-23 17:20:36,22.68,-3.98,70.32,22,0,12.62,clear sky
637,Prestea,GH,2020-11-23 17:20:36,5.43,-2.14,80.47,81,49,6.33,light rain
638,Collie,AU,2020-11-23 17:20:36,-33.37,116.15,62.01,61,0,4.54,clear sky
639,Lavrentiya,RU,2020-11-23 17:20:36,65.58,-171.0,27.07,92,86,1.99,overcast clouds
640,Erenhot,CN,2020-11-23 17:20:36,43.65,111.98,9.39,89,0,8.08,clear sky
641,Santa Maria Da Vitoria,BR,2020-11-23 17:20:36,-13.39,-44.19,81.3,70,38,5.44,light rain
642,Hobyo,SO,2020-11-23 17:20:37,5.35,48.53,81.27,77,48,13.31,scattered clouds
643,Qurayyat,SA,2020-11-23 17:20:37,31.33,37.34,62.6,45,0,6.93,clear sky
644,Guantanamo,CU,2020-11-23 17:20:37,20.14,-75.21,84.2,70,75,5.82,broken clouds
645,Cascais,PT,2020-11-23 17:20:37,38.7,-9.42,62.01,72,20,1.07,few clouds
646,Ornskoldsvik,SE,2020-11-23 17:20:37,63.29,18.72,35.6,83,78,12.75,broken clouds
647,Asfi,MA,2020-11-23 17:20:38,32.3,-9.24,68.27,63,24,9.44,few clouds
648,Salinopolis,BR,2020-11-23 17:16:47,-0.61,-47.36,74.57,94,100,4.41,moderate rain
649,Dhidhdhoo,MV,2020-11-23 17:20:38,6.88,73.1,82.51,69,53,8.95,broken clouds
650,Moskovskiy,RU,2020-11-23 17:19:59,55.6,37.35,34.0,99,90,6.71,mist
651,Walvis Bay,NA,2020-11-23 17:20:38,-22.96,14.51,64.0,79,7,22.06,clear sky
652,Moyale,KE,2020-11-23 17:18:09,3.52,39.06,71.71,73,76,6.2,broken clouds
653,Buala,SB,2020-11-23 17:20:38,-8.14,159.59,80.82,76,100,4.29,light rain
654,Valdivia,CL,2020-11-23 17:20:38,-39.81,-73.25,60.8,63,90,9.17,overcast clouds
655,Manjacaze,MZ,2020-11-23 17:20:39,-24.71,33.88,84.83,55,73,8.57,broken clouds
656,Port Hardy,CA,2020-11-23 17:20:39,50.7,-127.42,44.6,100,75,3.36,broken clouds
657,Paciran,ID,2020-11-23 17:20:39,-6.88,112.38,80.15,81,78,8.7,moderate rain
658,Saint-Joseph,RE,2020-11-23 17:20:39,-21.37,55.62,73.4,69,0,10.29,clear sky
659,Channel-Port Aux Basques,CA,2020-11-23 17:20:39,47.57,-59.14,36.66,81,99,26.49,overcast clouds
660,Muisne,EC,2020-11-23 17:20:39,0.6,-80.03,80.6,78,75,10.29,broken clouds
661,Riachao Do Jacuipe,BR,2020-11-23 17:20:40,-11.81,-39.39,87.75,45,45,10.83,scattered clouds
662,Axim,GH,2020-11-23 17:20:40,4.87,-2.24,81.28,76,72,8.9,broken clouds
663,Mnogovershinnyy,RU,2020-11-23 17:20:40,53.94,139.92,10.11,96,87,13.22,light snow
664,Mayskiy,RU,2020-11-23 17:20:40,47.69,40.1,39.2,93,40,11.18,scattered clouds
665,Moranbah,AU,2020-11-23 17:20:40,-22.0,148.05,69.46,75,5,6.44,clear sky
666,Tete,MZ,2020-11-23 17:20:40,-16.16,33.59,94.14,24,3,4.65,clear sky
667,Harper,LR,2020-11-23 17:20:40,4.38,-7.72,80.74,81,53,8.48,light rain
668,Copiapo,CL,2020-11-23 17:20:27,-27.37,-70.33,64.4,59,20,9.17,few clouds
669,Beremend,HU,2020-11-23 17:20:41,45.79,18.43,41.0,80,100,3.36,overcast clouds
670,Ryotsu,JP,2020-11-23 17:20:41,38.08,138.43,46.42,69,50,10.87,scattered clouds
671,Lofthus,NO,2020-11-23 17:20:41,59.95,10.8,39.99,61,62,1.01,broken clouds
672,Bemban,MY,2020-11-23 17:20:41,2.27,102.37,78.8,88,20,5.82,heavy intensity rain
673,Ternate,ID,2020-11-23 17:20:41,0.8,127.4,81.5,76,97,3.96,overcast clouds
674,Lubao,PH,2020-11-23 17:20:41,14.92,120.55,77.0,73,75,6.93,broken clouds
675,Guayaramerin,BO,2020-11-23 17:20:41,-10.84,-65.36,95.0,47,0,3.36,clear sky
676,Severo-Yeniseyskiy,RU,2020-11-23 17:20:42,60.37,93.04,2.82,95,89,2.98,overcast clouds
677,Damietta,EG,2020-11-23 17:20:42,31.42,31.81,71.6,78,40,8.05,scattered clouds
678,Turayf,SA,2020-11-23 17:20:42,31.67,38.66,59.0,54,0,4.7,clear sky
